season,phase,phase_order,date,home_team,away_team,home_goals,away_goals,result,shots_home,shots_away,possession_home,possession_away,yellow_home,yellow_away,red_home,red_away,xG_home,xG_away,home_rating,away_rating,total_goals,btts,over_2_5
2015-16,Group Stage,0,2015-10-26,RB Leipzig,Chelsea,2,1,H,8,8,58.9,41.1,1,1,0,0,1.82,1.03,73.74,69.68,3,1,1
2015-16,Group Stage,0,2015-09-09,Inter Milan,Ajax,0,3,A,11,9,49.7,50.3,1,2,0,1,-0.54,2.65,65.62,70.5,3,0,1
2015-16,Group Stage,0,2015-11-23,Atletico Madrid,Paris Saint-Germain,3,2,H,15,12,59.3,40.7,0,1,0,0,2.4,2.44,90.99,66.74,5,1,1
2015-16,Group Stage,0,2015-10-05,Arsenal,Benfica,4,2,H,11,14,53.1,46.9,2,1,0,1,3.43,2.42,89.97,74.13,6,1,1
2015-16,Group Stage,0,2015-10-11,Borussia Dortmund,Real Madrid,2,3,A,12,12,47.4,52.6,0,1,1,1,1.83,2.44,86.24,92.89,5,1,1
2015-16,Group Stage,0,2015-11-27,Chelsea,Tottenham,2,1,H,7,6,44.1,55.9,2,0,0,0,1.56,1.37,69.68,71.37,3,1,1
2015-16,Group Stage,0,2015-09-01,Sevilla,Chelsea,2,0,H,14,6,57.8,42.2,0,0,1,0,1.82,-0.03,80.74,69.68,2,0,0
2015-16,Group Stage,0,2015-10-06,Real Madrid,Atletico Madrid,1,1,D,18,13,42.0,58.0,3,2,0,0,0.95,1.56,92.89,90.99,2,1,0
2015-16,Group Stage,0,2015-09-08,Manchester City,Chelsea,2,1,H,17,12,40.4,59.6,2,2,0,1,1.58,1.19,90.93,69.68,3,1,1
2015-16,Group Stage,0,2015-09-05,Barcelona,Sevilla,0,1,A,14,6,60.4,39.6,0,3,1,0,-0.13,0.92,90.34,80.74,1,0,0
2015-16,Group Stage,0,2015-11-16,Tottenham,Juventus,5,4,H,6,13,63.5,36.5,0,0,0,1,4.94,3.23,71.37,83.03,9,1,1
2015-16,Group Stage,0,2015-10-08,Juventus,Paris Saint-Germain,4,3,H,9,10,49.2,50.8,2,1,0,0,3.97,3.14,83.03,66.74,7,1,1
2015-16,Group Stage,0,2015-10-21,Ajax,Tottenham,4,1,H,11,10,47.0,53.0,1,2,1,0,3.95,1.14,70.5,71.37,5,1,1
2015-16,Group Stage,0,2015-10-23,Paris Saint-Germain,Liverpool,1,2,A,12,6,63.4,36.6,1,2,1,0,1.09,1.68,66.74,69.68,3,1,1
2015-16,Group Stage,0,2015-11-25,Benfica,Inter Milan,2,1,H,13,15,47.4,52.6,1,2,0,0,1.71,1.08,74.13,65.62,3,1,1
2015-16,Group Stage,0,2015-10-17,Liverpool,Arsenal,0,4,A,12,7,40.9,59.1,0,1,0,0,0.27,3.35,69.68,89.97,4,0,1
2015-16,Round of 16,1,2016-02-18,RB Leipzig,Borussia Dortmund,2,1,H,11,11,61.1,38.9,3,3,0,0,1.69,1.17,73.74,86.24,3,1,1
2015-16,Round of 16,1,2016-02-26,Inter Milan,Borussia Dortmund,0,1,A,16,8,46.3,53.7,1,0,0,0,0.71,0.73,65.62,86.24,1,0,0
2015-16,Round of 16,1,2016-03-26,Atletico Madrid,Inter Milan,2,1,H,18,13,50.5,49.5,3,1,1,0,1.91,1.75,90.99,65.62,3,1,1
2015-16,Round of 16,1,2016-02-13,Arsenal,Chelsea,1,0,H,16,13,41.1,58.9,2,1,0,0,1.47,0.0,89.97,69.68,1,0,0
2015-16,Round of 16,1,2016-04-12,Borussia Dortmund,Arsenal,5,5,D,8,10,60.3,39.7,2,0,1,0,5.2,5.42,86.24,89.97,10,1,1
2015-16,Round of 16,1,2016-02-18,Chelsea,Borussia Dortmund,1,0,H,12,8,41.8,58.2,3,0,0,0,0.75,-0.14,69.68,86.24,1,0,0
2015-16,Round of 16,1,2016-04-05,Sevilla,Borussia Dortmund,1,2,A,5,14,54.2,45.8,2,0,0,1,0.85,1.78,80.74,86.24,3,1,1
2015-16,Round of 16,1,2016-03-20,Real Madrid,Arsenal,3,2,H,14,9,49.7,50.3,3,0,0,0,2.89,1.75,92.89,89.97,5,1,1
2015-16,Quarter-finals,2,2016-04-12,RB Leipzig,Arsenal,0,1,A,15,16,45.3,54.7,0,2,1,0,0.73,1.16,73.74,89.97,1,0,0
2015-16,Quarter-finals,2,2016-02-07,Inter Milan,RB Leipzig,0,1,A,10,10,60.5,39.5,1,1,0,0,-0.58,0.44,65.62,73.74,1,0,0
2015-16,Quarter-finals,2,2016-02-09,Atletico Madrid,RB Leipzig,2,0,H,8,12,48.3,51.7,1,2,0,0,2.58,-0.77,90.99,73.74,2,0,0
2015-16,Quarter-finals,2,2016-02-17,Arsenal,Atletico Madrid,1,3,A,12,12,64.8,35.2,0,3,0,0,1.01,3.2,89.97,90.99,4,1,1
2015-16,Semi-finals,3,2016-03-04,RB Leipzig,Atletico Madrid,2,2,D,13,10,64.0,36.0,3,3,0,1,1.88,1.71,73.74,90.99,4,1,1
2015-16,Semi-finals,3,2016-02-14,Inter Milan,Atletico Madrid,0,1,A,11,5,40.8,59.2,0,0,0,1,-0.61,1.27,65.62,90.99,1,0,0
2015-16,Final,4,2016-04-17,RB Leipzig,Inter Milan,3,3,D,15,8,64.7,35.3,0,2,0,0,3.14,2.97,73.74,65.62,6,1,1
2016-17,Group Stage,0,2016-10-26,Sevilla,Inter Milan,0,2,A,12,11,45.7,54.3,0,3,1,0,-0.33,1.88,80.74,65.62,2,0,0
2016-17,Group Stage,0,2016-10-02,Manchester City,Atletico Madrid,4,2,H,16,8,56.0,44.0,2,2,0,0,4.08,2.02,90.93,90.99,6,1,1
2016-17,Group Stage,0,2016-09-02,Atletico Madrid,Manchester City,3,1,H,14,10,63.7,36.3,3,1,1,0,2.32,0.98,90.99,90.93,4,1,1
2016-17,Group Stage,0,2016-10-19,Borussia Dortmund,Benfica,2,0,H,8,11,48.6,51.4,2,3,0,0,1.61,0.2,86.24,74.13,2,0,0
2016-17,Group Stage,0,2016-10-25,Ajax,Atletico Madrid,0,1,A,17,17,48.9,51.1,1,1,0,0,-0.49,0.54,70.5,90.99,1,0,0
2016-17,Group Stage,0,2016-10-28,Inter Milan,Bayern Munich,2,3,A,14,8,58.7,41.3,0,3,0,0,1.89,2.08,65.62,89.12,5,1,1
2016-17,Group Stage,0,2016-11-15,Benfica,AC Milan,0,1,A,13,7,61.1,38.9,2,2,1,0,-0.14,1.36,74.13,94.1,1,0,0
2016-17,Group Stage,0,2016-11-22,AC Milan,Tottenham,2,1,H,7,10,48.6,51.4,0,3,0,0,1.88,1.87,94.1,71.37,3,1,1
2016-17,Group Stage,0,2016-10-11,RB Leipzig,Manchester City,0,2,A,12,12,46.1,53.9,2,0,0,0,-0.25,1.5,73.74,90.93,2,0,0
2016-17,Group Stage,0,2016-09-02,Tottenham,Porto,2,1,H,13,9,61.6,38.4,1,1,0,0,2.2,0.61,71.37,70.45,3,1,1
2016-17,Group Stage,0,2016-09-11,Chelsea,Bayern Munich,2,3,A,12,15,57.7,42.3,1,3,0,0,2.31,3.0,69.68,89.12,5,1,1
2016-17,Group Stage,0,2016-10-17,Paris Saint-Germain,Atletico Madrid,1,0,H,10,12,57.0,43.0,0,0,0,0,0.01,-0.32,66.74,90.99,1,0,0
2016-17,Group Stage,0,2016-10-03,Liverpool,Ajax,2,3,A,12,9,54.4,45.6,3,0,1,0,1.76,3.24,69.68,70.5,5,1,1
2016-17,Group Stage,0,2016-09-01,Napoli,Ajax,3,1,H,17,8,62.5,37.5,0,1,0,0,3.8,0.37,77.96,70.5,4,1,1
2016-17,Group Stage,0,2016-09-06,Porto,Bayern Munich,2,2,D,7,13,43.5,56.5,2,2,0,0,2.39,2.03,70.45,89.12,4,1,1
2016-17,Group Stage,0,2016-09-15,Bayern Munich,RB Leipzig,3,2,H,15,8,42.8,57.2,3,0,1,1,3.51,1.82,89.12,73.74,5,1,1
2016-17,Round of 16,1,2017-02-01,Sevilla,Ajax,4,0,H,6,14,51.6,48.4,1,2,1,0,4.07,1.06,80.74,70.5,4,0,1
2016-17,Round of 16,1,2017-03-23,Manchester City,AC Milan,2,3,A,15,12,49.4,50.6,0,1,0,0,1.75,2.8,90.93,94.1,5,1,1
2016-17,Round of 16,1,2017-03-02,Atletico Madrid,Sevilla,2,1,H,9,11,59.7,40.3,1,0,0,0,2.42,0.9,90.99,80.74,3,1,1
2016-17,Round of 16,1,2017-03-21,Borussia Dortmund,AC Milan,2,1,H,11,6,50.5,49.5,3,0,0,0,2.74,1.45,86.24,94.1,3,1,1
2016-17,Round of 16,1,2017-03-17,Ajax,Sevilla,2,0,H,12,10,54.9,45.1,0,1,0,0,2.08,-0.06,70.5,80.74,2,0,0
2016-17,Round of 16,1,2017-03-10,Inter Milan,Ajax,3,1,H,10,0,59.1,40.9,3,0,1,0,3.04,0.93,65.62,70.5,4,1,1
2016-17,Round of 16,1,2017-04-19,Benfica,Atletico Madrid,0,1,A,14,13,40.7,59.3,2,2,1,0,0.04,0.95,74.13,90.99,1,0,0
2016-17,Round of 16,1,2017-02-15,AC Milan,Sevilla,7,0,H,10,9,55.8,44.2,0,2,0,0,7.55,0.38,94.1,80.74,7,0,1
2016-17,Quarter-finals,2,2017-04-20,Sevilla,Manchester City,0,0,D,15,4,46.7,53.3,0,0,0,1,-0.83,0.68,80.74,90.93,0,0,0
2016-17,Quarter-finals,2,2017-04-14,Manchester City,Atletico Madrid,2,3,A,10,9,46.7,53.3,3,1,0,0,1.75,2.83,90.93,90.99,5,1,1
2016-17,Quarter-finals,2,2017-04-08,Atletico Madrid,Ajax,6,0,H,11,2,58.0,42.0,0,1,0,0,5.64,-0.36,90.99,70.5,6,0,1
2016-17,Quarter-finals,2,2017-04-21,Borussia Dortmund,Manchester City,1,1,D,11,12,49.6,50.4,1,1,1,0,1.21,0.71,86.24,90.93,2,1,0
2016-17,Semi-finals,3,2017-02-26,Sevilla,Borussia Dortmund,1,0,H,9,13,54.2,45.8,1,2,0,1,1.04,0.07,80.74,86.24,1,0,0
2016-17,Semi-finals,3,2017-03-25,Manchester City,Borussia Dortmund,2,1,H,15,7,42.7,57.3,0,3,0,0,2.79,0.98,90.93,86.24,3,1,1
2016-17,Final,4,2017-03-16,Sevilla,Manchester City,1,0,H,11,8,60.2,39.8,0,0,0,0,1.09,0.78,80.74,90.93,1,0,0
2017-18,Group Stage,0,2017-09-02,Manchester City,AC Milan,1,2,A,11,12,61.6,38.4,2,2,0,0,0.44,2.2,90.93,94.1,3,1,1
2017-18,Group Stage,0,2017-11-03,Tottenham,Bayern Munich,0,2,A,16,10,48.0,52.0,1,0,1,0,-0.54,2.23,71.37,89.12,2,0,0
2017-18,Group Stage,0,2017-11-25,Porto,Arsenal,0,1,A,13,9,41.8,58.2,1,3,0,0,1.04,0.74,70.45,89.97,1,0,0
2017-18,Group Stage,0,2017-11-26,Bayern Munich,Arsenal,3,1,H,13,12,54.7,45.3,3,0,0,0,2.62,0.89,89.12,89.97,4,1,1
2017-18,Group Stage,0,2017-09-14,Real Madrid,Paris Saint-Germain,2,1,H,11,12,55.3,44.7,0,2,1,1,2.47,1.65,92.89,66.74,3,1,1
2017-18,Group Stage,0,2017-09-24,Paris Saint-Germain,Arsenal,4,3,H,12,5,54.9,45.1,0,0,0,0,3.27,4.27,66.74,89.97,7,1,1
2017-18,Group Stage,0,2017-09-05,AC Milan,Porto,2,1,H,9,10,61.9,38.1,2,2,1,0,2.11,1.13,94.1,70.45,3,1,1
2017-18,Group Stage,0,2017-10-08,Sevilla,Barcelona,2,1,H,10,10,61.3,38.7,3,0,1,0,2.48,1.14,80.74,90.34,3,1,1
2017-18,Group Stage,0,2017-09-11,Inter Milan,Barcelona,0,3,A,10,7,46.0,54.0,0,1,1,0,-0.37,3.24,65.62,90.34,3,0,1
2017-18,Group Stage,0,2017-09-12,Borussia Dortmund,RB Leipzig,0,0,D,11,10,48.4,51.6,1,2,0,0,0.17,0.16,86.24,73.74,0,0,0
2017-18,Group Stage,0,2017-11-10,Arsenal,AC Milan,1,0,H,9,10,49.4,50.6,3,3,0,0,0.84,-0.27,89.97,94.1,1,0,0
2017-18,Group Stage,0,2017-09-22,Barcelona,Inter Milan,1,1,D,12,11,41.7,58.3,2,3,0,1,1.05,0.72,90.34,65.62,2,1,0
2017-18,Group Stage,0,2017-11-13,Juventus,Borussia Dortmund,5,0,H,15,8,46.3,53.7,2,1,0,0,5.27,-0.02,83.03,86.24,5,0,1
2017-18,Group Stage,0,2017-09-27,RB Leipzig,Inter Milan,2,0,H,15,13,46.8,53.2,0,1,1,1,2.26,-0.04,73.74,65.62,2,0,0
2017-18,Group Stage,0,2017-10-15,Ajax,Bayern Munich,0,0,D,11,10,62.4,37.6,2,1,0,0,0.03,-0.09,70.5,89.12,0,0,0
2017-18,Group Stage,0,2017-09-06,Chelsea,Barcelona,3,4,A,12,12,59.9,40.1,0,1,0,0,3.15,3.7,69.68,90.34,7,1,1
2017-18,Round of 16,1,2018-03-09,Manchester City,Tottenham,3,1,H,17,8,49.9,50.1,2,2,0,1,3.49,1.3,90.93,71.37,4,1,1
2017-18,Round of 16,1,2018-02-09,Tottenham,Bayern Munich,0,1,A,19,9,57.6,42.4,1,3,1,0,0.08,0.18,71.37,89.12,1,0,0
2017-18,Round of 16,1,2018-04-09,Porto,Paris Saint-Germain,2,1,H,14,11,41.0,59.0,3,0,1,0,2.68,1.55,70.45,66.74,3,1,1
2017-18,Round of 16,1,2018-03-14,Bayern Munich,Tottenham,3,3,D,18,9,53.8,46.2,1,1,0,0,2.77,2.99,89.12,71.37,6,1,1
2017-18,Round of 16,1,2018-02-27,Real Madrid,Porto,3,0,H,17,9,61.8,38.2,0,2,1,0,2.48,0.48,92.89,70.45,3,0,1
2017-18,Round of 16,1,2018-03-20,Paris Saint-Germain,Porto,2,1,H,10,11,64.0,36.0,1,0,1,1,2.55,1.3,66.74,70.45,3,1,1
2017-18,Round of 16,1,2018-04-26,AC Milan,Bayern Munich,4,2,H,13,5,62.8,37.2,3,2,0,0,4.55,2.31,94.1,89.12,6,1,1
2017-18,Round of 16,1,2018-03-07,Sevilla,Bayern Munich,1,2,A,11,13,46.2,53.8,3,0,0,0,0.11,2.09,80.74,89.12,3,1,1
2017-18,Quarter-finals,2,2018-03-10,Manchester City,Porto,2,0,H,17,14,49.9,50.1,2,2,0,0,1.94,0.4,90.93,70.45,2,0,0
2017-18,Quarter-finals,2,2018-04-20,Tottenham,Real Madrid,2,3,A,14,13,51.9,48.1,0,3,1,1,2.41,3.1,71.37,92.89,5,1,1
2017-18,Quarter-finals,2,2018-03-20,Porto,Tottenham,0,1,A,12,8,45.6,54.4,0,0,0,0,0.08,0.64,70.45,71.37,1,0,0
2017-18,Quarter-finals,2,2018-03-13,Bayern Munich,Manchester City,1,0,H,12,11,46.4,53.6,2,1,0,1,0.57,0.04,89.12,90.93,1,0,0
2017-18,Semi-finals,3,2018-02-26,Manchester City,Porto,2,1,H,11,10,57.3,42.7,2,2,0,0,1.99,1.8,90.93,70.45,3,1,1
2017-18,Semi-finals,3,2018-02-09,Tottenham,Bayern Munich,3,4,A,8,14,56.3,43.7,1,1,1,0,2.97,4.13,71.37,89.12,7,1,1
2017-18,Final,4,2018-04-15,Manchester City,Tottenham,4,3,H,15,9,43.0,57.0,1,2,0,0,3.56,2.42,90.93,71.37,7,1,1
2018-19,Group Stage,0,2018-11-19,Paris Saint-Germain,Borussia Dortmund,2,1,H,16,11,60.3,39.7,1,3,0,0,1.9,1.16,66.74,86.24,3,1,1
2018-19,Group Stage,0,2018-10-18,Arsenal,Bayern Munich,1,0,H,13,17,56.8,43.2,0,2,1,0,0.67,0.07,89.97,89.12,1,0,0
2018-19,Group Stage,0,2018-10-07,Manchester City,Arsenal,1,0,H,9,11,53.1,46.9,2,2,1,0,0.36,0.18,90.93,89.97,1,0,0
2018-19,Group Stage,0,2018-09-26,Juventus,RB Leipzig,3,2,H,12,10,45.7,54.3,0,2,0,1,3.46,1.88,83.03,73.74,5,1,1
2018-19,Group Stage,0,2018-11-17,Liverpool,Inter Milan,0,0,D,11,13,56.7,43.3,1,2,1,0,0.89,-0.5,69.68,65.62,0,0,0
2018-19,Group Stage,0,2018-10-03,Porto,Manchester City,0,2,A,9,8,55.9,44.1,0,1,0,0,0.27,1.38,70.45,90.93,2,0,0
2018-19,Group Stage,0,2018-09-07,RB Leipzig,Ajax,3,0,H,13,14,46.9,53.1,1,3,1,0,2.56,-0.28,73.74,70.5,3,0,1
2018-19,Group Stage,0,2018-10-23,Tottenham,Juventus,2,2,D,7,12,54.8,45.2,2,1,1,0,1.46,1.92,71.37,83.03,4,1,1
2018-19,Group Stage,0,2018-11-16,Barcelona,Borussia Dortmund,3,2,H,9,11,53.4,46.6,1,1,0,0,2.71,2.49,90.34,86.24,5,1,1
2018-19,Group Stage,0,2018-10-04,Atletico Madrid,AC Milan,5,4,H,9,10,58.9,41.1,0,0,1,1,5.28,4.38,90.99,94.1,9,1,1
2018-19,Group Stage,0,2018-11-22,Ajax,Paris Saint-Germain,2,0,H,15,10,47.0,53.0,1,3,0,0,2.18,-0.21,70.5,66.74,2,0,0
2018-19,Group Stage,0,2018-10-14,Inter Milan,Borussia Dortmund,1,2,A,13,11,47.6,52.4,0,2,0,0,1.21,1.64,65.62,86.24,3,1,1
2018-19,Group Stage,0,2018-11-04,Borussia Dortmund,Juventus,3,1,H,12,9,60.6,39.4,0,0,0,1,3.38,-0.36,86.24,83.03,4,1,1
2018-19,Group Stage,0,2018-10-11,Chelsea,Borussia Dortmund,1,2,A,12,7,45.4,54.6,1,1,1,0,0.91,2.6,69.68,86.24,3,1,1
2018-19,Group Stage,0,2018-10-07,AC Milan,Arsenal,3,0,H,10,9,57.3,42.7,3,0,1,1,2.39,0.36,94.1,89.97,3,0,1
2018-19,Group Stage,0,2018-10-06,Bayern Munich,Arsenal,2,0,H,15,9,58.3,41.7,1,0,0,0,1.77,-1.04,89.12,89.97,2,0,0
2018-19,Round of 16,1,2019-04-21,Paris Saint-Germain,Tottenham,1,1,D,7,13,60.9,39.1,0,0,0,0,0.44,0.7,66.74,71.37,2,1,0
2018-19,Round of 16,1,2019-02-01,Arsenal,Liverpool,2,1,H,15,11,55.4,44.6,0,1,0,0,2.12,0.71,89.97,69.68,3,1,1
2018-19,Round of 16,1,2019-02-23,Manchester City,Arsenal,3,2,H,14,10,55.9,44.1,2,0,1,0,2.52,2.03,90.93,89.97,5,1,1
2018-19,Round of 16,1,2019-02-22,Juventus,Porto,3,2,H,4,10,51.5,48.5,3,2,1,0,2.57,1.29,83.03,70.45,5,1,1
2018-19,Round of 16,1,2019-02-25,Liverpool,Arsenal,2,1,H,13,13,49.5,50.5,1,2,0,1,2.53,1.22,69.68,89.97,3,1,1
2018-19,Round of 16,1,2019-04-14,Porto,Arsenal,1,2,A,14,9,53.0,47.0,3,3,0,0,0.67,2.08,70.45,89.97,3,1,1
2018-19,Round of 16,1,2019-02-15,RB Leipzig,Juventus,0,0,D,12,9,56.9,43.1,2,1,0,1,0.3,-0.14,73.74,83.03,0,0,0
2018-19,Round of 16,1,2019-02-15,Tottenham,Arsenal,0,3,A,11,8,58.8,41.2,0,1,1,0,-0.22,3.13,71.37,89.97,3,0,1
2018-19,Quarter-finals,2,2019-02-15,Paris Saint-Germain,Liverpool,2,3,A,12,17,47.4,52.6,2,2,0,0,2.13,3.36,66.74,69.68,5,1,1
2018-19,Quarter-finals,2,2019-04-02,Arsenal,Liverpool,1,0,H,11,7,60.0,40.0,2,0,0,0,1.29,0.58,89.97,69.68,1,0,0
2018-19,Quarter-finals,2,2019-03-24,Manchester City,Paris Saint-Germain,5,2,H,13,11,51.8,48.2,2,0,0,1,5.63,1.5,90.93,66.74,7,1,1
2018-19,Quarter-finals,2,2019-02-16,Juventus,Arsenal,0,2,A,7,13,59.9,40.1,3,0,0,0,0.89,1.88,83.03,89.97,2,0,0
2018-19,Semi-finals,3,2019-03-23,Paris Saint-Germain,Manchester City,2,4,A,11,8,59.6,40.4,1,0,0,1,0.89,4.32,66.74,90.93,6,1,1
2018-19,Semi-finals,3,2019-04-27,Arsenal,Paris Saint-Germain,1,0,H,16,11,65.0,35.0,3,1,0,0,1.74,-0.43,89.97,66.74,1,0,0
2018-19,Final,4,2019-02-19,Paris Saint-Germain,Arsenal,0,3,A,7,6,40.7,59.3,0,1,0,0,0.06,2.29,66.74,89.97,3,0,1
2019-20,Group Stage,0,2019-11-23,Porto,Barcelona,1,3,A,14,13,63.9,36.1,1,3,1,0,0.61,2.64,70.45,90.34,4,1,1
2019-20,Group Stage,0,2019-11-07,Ajax,Arsenal,0,3,A,12,9,41.2,58.8,1,1,0,0,-0.53,2.56,70.5,89.97,3,0,1
2019-20,Group Stage,0,2019-09-19,Paris Saint-Germain,Juventus,2,3,A,7,8,58.3,41.7,1,0,0,0,1.56,3.23,66.74,83.03,5,1,1
2019-20,Group Stage,0,2019-10-17,Chelsea,Paris Saint-Germain,0,2,A,9,7,61.3,38.7,2,0,0,1,-0.12,2.06,69.68,66.74,2,0,0
2019-20,Group Stage,0,2019-11-08,Atletico Madrid,Porto,2,0,H,8,11,42.4,57.6,3,3,0,0,1.66,0.4,90.99,70.45,2,0,0
2019-20,Group Stage,0,2019-10-20,Inter Milan,Juventus,1,2,A,9,8,48.3,51.7,1,3,0,0,1.13,1.9,65.62,83.03,3,1,1
2019-20,Group Stage,0,2019-09-19,Juventus,Arsenal,5,0,H,9,5,60.0,40.0,2,3,0,0,4.67,-0.08,83.03,89.97,5,0,1
2019-20,Group Stage,0,2019-11-16,Barcelona,Benfica,2,1,H,10,13,62.9,37.1,3,1,0,1,2.39,1.26,90.34,74.13,3,1,1
2019-20,Group Stage,0,2019-11-16,AC Milan,Paris Saint-Germain,2,1,H,16,7,60.5,39.5,0,3,0,0,2.14,0.78,94.1,66.74,3,1,1
2019-20,Group Stage,0,2019-09-09,Real Madrid,Porto,3,1,H,15,17,58.0,42.0,1,1,0,0,2.68,1.24,92.89,70.45,4,1,1
2019-20,Group Stage,0,2019-09-28,Manchester City,Chelsea,0,0,D,12,12,47.9,52.1,3,1,0,0,0.03,0.42,90.93,69.68,0,0,0
2019-20,Group Stage,0,2019-11-07,Benfica,Barcelona,4,1,H,16,11,60.2,39.8,1,2,0,0,3.87,0.73,74.13,90.34,5,1,1
2019-20,Group Stage,0,2019-09-15,Arsenal,Inter Milan,3,2,H,8,7,40.8,59.2,0,0,0,1,3.29,2.27,89.97,65.62,5,1,1
2019-20,Group Stage,0,2019-11-14,Liverpool,Ajax,1,1,D,10,6,49.5,50.5,1,3,0,1,0.9,0.59,69.68,70.5,2,1,0
2019-20,Group Stage,0,2019-09-28,Sevilla,Manchester City,0,0,D,12,10,47.0,53.0,3,0,0,0,0.08,0.13,80.74,90.93,0,0,0
2019-20,Group Stage,0,2019-10-11,RB Leipzig,Chelsea,1,3,A,10,9,41.7,58.3,0,1,0,1,0.32,3.21,73.74,69.68,4,1,1
2019-20,Round of 16,1,2020-02-03,Porto,Inter Milan,4,3,H,11,9,59.9,40.1,1,3,0,0,3.71,3.01,70.45,65.62,7,1,1
2019-20,Round of 16,1,2020-02-22,Ajax,Atletico Madrid,5,4,H,3,12,47.9,52.1,3,1,0,0,5.35,4.09,70.5,90.99,9,1,1
2019-20,Round of 16,1,2020-04-09,Paris Saint-Germain,Inter Milan,2,2,D,9,10,49.6,50.4,0,2,0,1,2.05,2.22,66.74,65.62,4,1,1
2019-20,Round of 16,1,2020-03-03,Chelsea,Porto,2,0,H,14,10,46.0,54.0,1,0,0,0,2.92,-0.2,69.68,70.45,2,0,0
2019-20,Round of 16,1,2020-02-09,Atletico Madrid,Inter Milan,3,2,H,4,5,45.5,54.5,1,2,0,0,3.33,1.77,90.99,65.62,5,1,1
2019-20,Round of 16,1,2020-02-13,Inter Milan,Porto,3,2,H,9,5,50.5,49.5,3,3,1,0,3.31,2.61,65.62,70.45,5,1,1
2019-20,Round of 16,1,2020-02-01,Juventus,Ajax,1,2,A,16,12,42.9,57.1,1,0,0,1,0.64,1.88,83.03,70.5,3,1,1
2019-20,Round of 16,1,2020-03-17,Barcelona,Chelsea,4,1,H,14,10,55.3,44.7,3,2,1,0,4.02,0.7,90.34,69.68,5,1,1
2019-20,Quarter-finals,2,2020-03-04,Porto,Ajax,2,0,H,12,6,48.6,51.4,2,3,0,0,2.19,0.34,70.45,70.5,2,0,0
2019-20,Quarter-finals,2,2020-04-02,Ajax,Chelsea,3,0,H,18,5,59.0,41.0,2,3,0,1,2.97,-0.14,70.5,69.68,3,0,1
2019-20,Quarter-finals,2,2020-02-06,Paris Saint-Germain,Atletico Madrid,1,1,D,12,3,49.5,50.5,2,2,0,0,1.17,1.53,66.74,90.99,2,1,0
2019-20,Quarter-finals,2,2020-03-11,Chelsea,Atletico Madrid,2,3,A,11,6,40.7,59.3,2,2,0,0,1.83,2.96,69.68,90.99,5,1,1
2019-20,Semi-finals,3,2020-02-17,Porto,Chelsea,2,1,H,13,9,42.9,57.1,1,3,0,0,2.1,1.36,70.45,69.68,3,1,1
2019-20,Semi-finals,3,2020-04-26,Ajax,Porto,3,1,H,17,16,59.0,41.0,2,2,0,0,2.57,0.65,70.5,70.45,4,1,1
2019-20,Final,4,2020-03-19,Porto,Ajax,3,0,H,12,8,45.2,54.8,0,0,0,1,2.58,-0.48,70.45,70.5,3,0,1
2020-21,Group Stage,0,2020-10-23,Sevilla,Bayern Munich,0,0,D,10,15,40.9,59.1,1,0,0,0,-0.36,0.01,80.74,89.12,0,0,0
2020-21,Group Stage,0,2020-11-16,Napoli,Inter Milan,3,1,H,13,10,51.4,48.6,3,2,0,0,3.51,1.15,77.96,65.62,4,1,1
2020-21,Group Stage,0,2020-09-22,Ajax,Real Madrid,2,2,D,11,13,52.8,47.2,1,0,0,0,1.99,1.84,70.5,92.89,4,1,1
2020-21,Group Stage,0,2020-11-02,Juventus,Bayern Munich,1,4,A,11,8,55.8,44.2,2,0,0,1,1.07,4.06,83.03,89.12,5,1,1
2020-21,Group Stage,0,2020-09-23,Tottenham,Real Madrid,2,1,H,11,8,42.8,57.2,3,0,0,1,1.24,1.09,71.37,92.89,3,1,1
2020-21,Group Stage,0,2020-09-07,Borussia Dortmund,Napoli,1,1,D,11,7,47.4,52.6,3,1,0,0,1.33,0.92,86.24,77.96,2,1,0
2020-21,Group Stage,0,2020-10-20,Arsenal,Tottenham,1,0,H,10,5,59.0,41.0,2,0,0,0,0.95,0.44,89.97,71.37,1,0,0
2020-21,Group Stage,0,2020-11-09,AC Milan,Juventus,3,1,H,13,8,46.8,53.2,2,2,0,0,3.13,0.62,94.1,83.03,4,1,1
2020-21,Group Stage,0,2020-09-28,Barcelona,Chelsea,1,0,H,14,12,54.8,45.2,0,2,1,0,0.17,-0.17,90.34,69.68,1,0,0
2020-21,Group Stage,0,2020-11-25,Porto,Bayern Munich,2,3,A,6,6,63.4,36.6,2,0,0,0,2.03,2.78,70.45,89.12,5,1,1
2020-21,Group Stage,0,2020-09-10,Inter Milan,AC Milan,1,2,A,10,8,56.9,43.1,0,1,0,0,1.9,1.84,65.62,94.1,3,1,1
2020-21,Group Stage,0,2020-09-09,Bayern Munich,Sevilla,3,0,H,7,5,41.3,58.7,0,0,0,0,3.13,0.12,89.12,80.74,3,0,1
2020-21,Group Stage,0,2020-10-01,Chelsea,Borussia Dortmund,1,2,A,13,7,58.5,41.5,3,1,1,1,1.62,1.7,69.68,86.24,3,1,1
2020-21,Group Stage,0,2020-11-25,Manchester City,Juventus,4,3,H,12,8,46.0,54.0,1,3,0,0,4.07,3.03,90.93,83.03,7,1,1
2020-21,Group Stage,0,2020-10-07,Benfica,Ajax,3,2,H,8,13,59.3,40.7,2,0,1,1,2.9,2.08,74.13,70.5,5,1,1
2020-21,Group Stage,0,2020-09-22,Real Madrid,Tottenham,2,1,H,13,15,62.0,38.0,2,0,1,0,2.15,1.46,92.89,71.37,3,1,1
2020-21,Round of 16,1,2021-03-09,Sevilla,Juventus,1,0,H,11,5,58.7,41.3,2,3,0,1,1.21,0.02,80.74,83.03,1,0,0
2020-21,Round of 16,1,2021-03-24,Napoli,Sevilla,3,2,H,12,8,55.9,44.1,2,2,1,0,2.68,1.5,77.96,80.74,5,1,1
2020-21,Round of 16,1,2021-02-06,Ajax,Arsenal,0,2,A,8,9,63.9,36.1,2,1,0,1,0.81,2.0,70.5,89.97,2,0,0
2020-21,Round of 16,1,2021-04-12,Juventus,Arsenal,1,2,A,11,13,62.4,37.6,3,0,0,1,1.0,2.07,83.03,89.97,3,1,1
2020-21,Round of 16,1,2021-02-11,Tottenham,Arsenal,4,0,H,14,9,44.4,55.6,1,1,0,0,3.67,0.53,71.37,89.97,4,0,1
2020-21,Round of 16,1,2021-02-05,Borussia Dortmund,Ajax,2,1,H,14,6,56.7,43.3,2,3,1,0,2.0,1.62,86.24,70.5,3,1,1
2020-21,Round of 16,1,2021-04-17,Arsenal,Napoli,3,1,H,16,10,46.3,53.7,2,0,0,0,4.4,0.41,89.97,77.96,4,1,1
2020-21,Round of 16,1,2021-02-05,AC Milan,Ajax,5,0,H,6,12,56.4,43.6,1,0,0,0,4.39,0.01,94.1,70.5,5,0,1
2020-21,Quarter-finals,2,2021-04-15,Sevilla,Ajax,0,1,A,17,8,54.1,45.9,0,2,1,0,-0.07,1.07,80.74,70.5,1,0,0
2020-21,Quarter-finals,2,2021-04-15,Napoli,Juventus,0,4,A,8,11,48.3,51.7,2,1,1,0,0.0,4.28,77.96,83.03,4,0,1
2020-21,Quarter-finals,2,2021-02-09,Ajax,Tottenham,2,3,A,12,13,51.6,48.4,0,3,1,0,1.93,3.27,70.5,71.37,5,1,1
2020-21,Quarter-finals,2,2021-04-04,Juventus,Sevilla,1,0,H,9,11,45.1,54.9,0,0,1,0,0.76,-0.39,83.03,80.74,1,0,0
2020-21,Semi-finals,3,2021-02-16,Sevilla,Juventus,4,0,H,10,7,65.0,35.0,3,2,1,1,4.1,0.63,80.74,83.03,4,0,1
2020-21,Semi-finals,3,2021-04-21,Napoli,Juventus,1,0,H,6,10,55.7,44.3,1,0,0,1,1.06,0.2,77.96,83.03,1,0,0
2020-21,Final,4,2021-02-09,Sevilla,Napoli,4,3,H,14,9,57.4,42.6,2,0,0,0,4.34,2.75,80.74,77.96,7,1,1
2021-22,Group Stage,0,2021-11-16,Liverpool,Paris Saint-Germain,2,3,A,14,6,60.4,39.6,0,0,0,1,2.0,2.74,69.68,66.74,5,1,1
2021-22,Group Stage,0,2021-09-17,Juventus,RB Leipzig,5,2,H,12,14,41.8,58.2,1,3,0,0,4.46,2.27,83.03,73.74,7,1,1
2021-22,Group Stage,0,2021-09-27,Borussia Dortmund,AC Milan,2,1,H,10,14,41.7,58.3,2,0,0,0,2.73,0.74,86.24,94.1,3,1,1
2021-22,Group Stage,0,2021-10-26,Atletico Madrid,Juventus,4,2,H,11,9,64.4,35.6,1,1,0,0,4.02,2.15,90.99,83.03,6,1,1
2021-22,Group Stage,0,2021-11-23,Sevilla,Atletico Madrid,1,1,D,9,8,52.1,47.9,3,1,1,1,1.08,1.03,80.74,90.99,2,1,0
2021-22,Group Stage,0,2021-09-01,Manchester City,Barcelona,2,1,H,9,9,53.8,46.2,0,1,0,0,2.4,0.2,90.93,90.34,3,1,1
2021-22,Group Stage,0,2021-10-04,RB Leipzig,Manchester City,0,0,D,15,10,63.7,36.3,1,0,0,0,-0.09,0.11,73.74,90.93,0,0,0
2021-22,Group Stage,0,2021-10-16,Barcelona,Juventus,2,1,H,12,12,63.5,36.5,1,3,0,0,2.57,1.28,90.34,83.03,3,1,1
2021-22,Group Stage,0,2021-09-09,Benfica,Manchester City,2,1,H,12,10,50.9,49.1,2,3,0,0,2.7,1.55,74.13,90.93,3,1,1
2021-22,Group Stage,0,2021-10-06,Inter Milan,Tottenham,1,2,A,9,4,45.4,54.6,0,2,1,0,0.41,1.55,65.62,71.37,3,1,1
2021-22,Group Stage,0,2021-09-22,Tottenham,Real Madrid,2,3,A,9,10,49.3,50.7,0,0,0,0,1.31,3.11,71.37,92.89,5,1,1
2021-22,Group Stage,0,2021-09-13,Paris Saint-Germain,Sevilla,1,3,A,17,7,63.4,36.6,3,1,0,0,0.81,2.29,66.74,80.74,4,1,1
2021-22,Group Stage,0,2021-09-10,AC Milan,Atletico Madrid,2,0,H,14,6,40.3,59.7,0,0,0,0,2.02,-0.4,94.1,90.99,2,0,0
2021-22,Group Stage,0,2021-09-13,Ajax,Paris Saint-Germain,3,0,H,8,7,52.9,47.1,2,0,0,0,3.42,-0.19,70.5,66.74,3,0,1
2021-22,Group Stage,0,2021-11-17,Porto,RB Leipzig,4,0,H,13,9,41.9,58.1,0,2,0,0,4.58,0.04,70.45,73.74,4,0,1
2021-22,Group Stage,0,2021-10-22,Real Madrid,Paris Saint-Germain,3,1,H,8,12,42.9,57.1,0,2,1,0,3.39,1.37,92.89,66.74,4,1,1
2021-22,Round of 16,1,2022-03-07,Liverpool,RB Leipzig,1,0,H,11,11,48.9,51.1,3,2,1,0,1.97,0.17,69.68,73.74,1,0,0
2021-22,Round of 16,1,2022-02-22,Juventus,Barcelona,4,3,H,13,11,57.0,43.0,3,2,0,0,3.75,2.58,83.03,90.34,7,1,1
2021-22,Round of 16,1,2022-02-07,Borussia Dortmund,Liverpool,2,1,H,9,8,57.3,42.7,2,0,0,0,1.95,1.07,86.24,69.68,3,1,1
2021-22,Round of 16,1,2022-02-19,Atletico Madrid,Manchester City,0,4,A,13,11,58.3,41.7,0,3,1,0,0.43,3.96,90.99,90.93,4,0,1
2021-22,Round of 16,1,2022-02-08,Sevilla,Atletico Madrid,2,2,D,9,9,49.7,50.3,3,1,0,1,1.89,2.38,80.74,90.99,4,1,1
2021-22,Round of 16,1,2022-04-26,Manchester City,Atletico Madrid,1,3,A,9,9,58.2,41.8,3,2,0,0,0.42,2.44,90.93,90.99,4,1,1
2021-22,Round of 16,1,2022-02-26,RB Leipzig,Barcelona,0,1,A,11,16,40.1,59.9,3,1,0,1,-0.29,1.03,73.74,90.34,1,0,0
2021-22,Round of 16,1,2022-02-26,Barcelona,Juventus,2,2,D,13,7,55.5,44.5,0,2,0,1,2.06,1.95,90.34,83.03,4,1,1
2021-22,Quarter-finals,2,2022-04-25,Liverpool,Juventus,1,1,D,13,11,53.5,46.5,1,1,1,0,1.66,0.74,69.68,83.03,2,1,0
2021-22,Quarter-finals,2,2022-03-13,Juventus,Sevilla,6,1,H,11,11,53.7,46.3,0,2,0,0,5.67,1.29,83.03,80.74,7,1,1
2021-22,Quarter-finals,2,2022-02-08,Borussia Dortmund,Sevilla,2,0,H,15,11,59.5,40.5,2,2,0,1,2.1,-0.22,86.24,80.74,2,0,0
2021-22,Quarter-finals,2,2022-03-02,Atletico Madrid,Liverpool,4,3,H,10,14,45.0,55.0,3,3,0,0,4.76,2.71,90.99,69.68,7,1,1
2021-22,Semi-finals,3,2022-02-03,Liverpool,Atletico Madrid,1,7,A,8,6,64.0,36.0,2,2,0,0,0.92,6.99,69.68,90.99,8,1,1
2021-22,Semi-finals,3,2022-03-11,Juventus,Borussia Dortmund,3,2,H,14,10,54.7,45.3,0,3,0,0,2.86,2.63,83.03,86.24,5,1,1
2021-22,Final,4,2022-04-22,Liverpool,Juventus,4,0,H,15,11,57.9,42.1,0,1,0,1,4.78,-0.2,69.68,83.03,4,0,1
2022-23,Group Stage,0,2022-09-17,Benfica,Barcelona,2,3,A,13,11,64.0,36.0,2,3,1,0,1.56,2.87,74.13,90.34,5,1,1
2022-23,Group Stage,0,2022-10-11,RB Leipzig,Real Madrid,1,2,A,16,12,41.7,58.3,1,1,0,1,0.44,2.25,73.74,92.89,3,1,1
2022-23,Group Stage,0,2022-11-21,Barcelona,Bayern Munich,5,0,H,14,6,55.1,44.9,0,3,0,0,4.82,0.13,90.34,89.12,5,0,1
2022-23,Group Stage,0,2022-09-25,Atletico Madrid,Bayern Munich,3,1,H,11,6,41.4,58.6,3,1,1,1,3.49,-0.01,90.99,89.12,4,1,1
2022-23,Group Stage,0,2022-09-04,Ajax,Tottenham,1,0,H,13,6,45.5,54.5,3,3,0,0,0.43,-0.52,70.5,71.37,1,0,0
2022-23,Group Stage,0,2022-10-23,Manchester City,Ajax,2,1,H,14,14,43.9,56.1,3,1,0,1,1.57,0.55,90.93,70.5,3,1,1
2022-23,Group Stage,0,2022-09-08,Real Madrid,Benfica,3,0,H,10,6,53.7,46.3,3,3,0,0,3.07,-0.42,92.89,74.13,3,0,1
2022-23,Group Stage,0,2022-09-25,Bayern Munich,Atletico Madrid,3,2,H,11,10,57.5,42.5,2,0,1,0,3.02,2.54,89.12,90.99,5,1,1
2022-23,Group Stage,0,2022-10-16,Tottenham,Porto,2,0,H,9,11,54.3,45.7,3,0,0,0,1.76,-0.22,71.37,70.45,2,0,0
2022-23,Group Stage,0,2022-09-05,Borussia Dortmund,Manchester City,1,1,D,15,8,46.3,53.7,1,2,1,0,1.5,0.65,86.24,90.93,2,1,0
2022-23,Group Stage,0,2022-09-17,Chelsea,Juventus,0,1,A,19,16,54.7,45.3,3,0,0,0,-0.23,1.05,69.68,83.03,1,0,0
2022-23,Group Stage,0,2022-10-18,Arsenal,Manchester City,1,0,H,12,11,63.1,36.9,2,2,0,0,1.35,0.61,89.97,90.93,1,0,0
2022-23,Group Stage,0,2022-11-20,Porto,Paris Saint-Germain,4,0,H,10,6,52.8,47.2,3,2,0,1,4.2,1.57,70.45,66.74,4,0,1
2022-23,Group Stage,0,2022-11-12,Napoli,Juventus,2,2,D,11,8,45.9,54.1,2,3,0,0,2.1,1.64,77.96,83.03,4,1,1
2022-23,Group Stage,0,2022-09-19,Juventus,Benfica,2,1,H,12,5,61.4,38.6,3,2,1,0,1.43,0.58,83.03,74.13,3,1,1
2022-23,Group Stage,0,2022-10-19,Paris Saint-Germain,Manchester City,0,0,D,6,8,48.3,51.7,1,2,1,0,0.48,0.68,66.74,90.93,0,0,0
2022-23,Round of 16,1,2023-03-19,Benfica,Real Madrid,2,2,D,14,9,48.5,51.5,0,3,0,1,1.18,2.23,74.13,92.89,4,1,1
2022-23,Round of 16,1,2023-04-09,RB Leipzig,Barcelona,0,0,D,14,8,42.2,57.8,3,3,0,0,-0.56,-0.09,73.74,90.34,0,0,0
2022-23,Round of 16,1,2023-02-03,Barcelona,Bayern Munich,3,2,H,11,5,56.5,43.5,1,3,1,1,3.35,2.07,90.34,89.12,5,1,1
2022-23,Round of 16,1,2023-02-22,Atletico Madrid,RB Leipzig,2,2,D,14,7,61.4,38.6,1,3,1,0,1.58,1.57,90.99,73.74,4,1,1
2022-23,Round of 16,1,2023-03-17,Ajax,Benfica,1,4,A,12,10,43.4,56.6,2,1,0,0,0.28,4.55,70.5,74.13,5,1,1
2022-23,Round of 16,1,2023-02-08,Manchester City,Barcelona,7,0,H,11,10,54.4,45.6,2,0,1,0,7.06,-0.27,90.93,90.34,7,0,1
2022-23,Round of 16,1,2023-03-08,Real Madrid,Atletico Madrid,4,1,H,16,8,40.8,59.2,1,0,1,0,4.01,0.81,92.89,90.99,5,1,1
2022-23,Round of 16,1,2023-03-13,Bayern Munich,Ajax,3,2,H,8,5,60.1,39.9,0,1,0,0,2.97,1.66,89.12,70.5,5,1,1
2022-23,Quarter-finals,2,2023-04-05,Benfica,Barcelona,2,3,A,9,8,40.4,59.6,0,1,0,0,2.73,2.43,74.13,90.34,5,1,1
2022-23,Quarter-finals,2,2023-04-11,RB Leipzig,Barcelona,0,0,D,12,10,54.1,45.9,1,1,0,0,-0.39,-0.08,73.74,90.34,0,0,0
2022-23,Quarter-finals,2,2023-04-18,Barcelona,Atletico Madrid,0,0,D,14,3,50.1,49.9,3,3,1,1,-0.62,0.55,90.34,90.99,0,0,0
2022-23,Quarter-finals,2,2023-03-03,Atletico Madrid,Benfica,3,0,H,13,4,40.7,59.3,3,1,1,0,3.04,-0.61,90.99,74.13,3,0,1
2022-23,Semi-finals,3,2023-03-10,Benfica,Barcelona,1,1,D,14,8,41.3,58.7,3,2,0,0,0.54,0.61,74.13,90.34,2,1,0
2022-23,Semi-finals,3,2023-02-10,RB Leipzig,Barcelona,2,4,A,6,6,62.9,37.1,3,1,0,0,2.94,2.93,73.74,90.34,6,1,1
2022-23,Final,4,2023-02-20,Benfica,Barcelona,3,3,D,8,13,45.8,54.2,2,0,1,0,2.9,3.51,74.13,90.34,6,1,1
2023-24,Group Stage,0,2023-11-09,Liverpool,Sevilla,1,1,D,11,8,50.5,49.5,0,1,0,0,0.92,0.7,69.68,80.74,2,1,0
2023-24,Group Stage,0,2023-09-27,Manchester City,Barcelona,1,1,D,10,8,61.7,38.3,3,0,0,0,0.24,1.53,90.93,90.34,2,1,0
2023-24,Group Stage,0,2023-11-14,Chelsea,Real Madrid,1,2,A,11,10,41.5,58.5,2,2,0,0,0.78,2.15,69.68,92.89,3,1,1
2023-24,Group Stage,0,2023-09-20,Atletico Madrid,Bayern Munich,3,0,H,11,7,48.4,51.6,3,0,0,0,3.27,-0.31,90.99,89.12,3,0,1
2023-24,Group Stage,0,2023-11-04,Benfica,Tottenham,2,2,D,7,10,45.2,54.8,0,2,0,1,2.67,2.14,74.13,71.37,4,1,1
2023-24,Group Stage,0,2023-11-04,Sevilla,Manchester City,1,1,D,11,8,57.4,42.6,0,2,0,0,1.21,0.87,80.74,90.93,2,1,0
2023-24,Group Stage,0,2023-09-22,Porto,Barcelona,1,1,D,14,11,56.8,43.2,3,1,0,0,1.19,0.72,70.45,90.34,2,1,0
2023-24,Group Stage,0,2023-10-02,RB Leipzig,Real Madrid,2,1,H,15,7,52.7,47.3,2,2,0,0,1.85,1.6,73.74,92.89,3,1,1
2023-24,Group Stage,0,2023-10-10,Napoli,Manchester City,2,2,D,12,11,60.6,39.4,2,0,1,0,2.27,1.71,77.96,90.93,4,1,1
2023-24,Group Stage,0,2023-09-22,Barcelona,RB Leipzig,1,0,H,14,9,48.1,51.9,3,0,0,0,1.3,-0.5,90.34,73.74,1,0,0
2023-24,Group Stage,0,2023-09-02,Real Madrid,Napoli,0,0,D,9,13,52.0,48.0,1,3,1,0,-0.13,-0.01,92.89,77.96,0,0,0
2023-24,Group Stage,0,2023-10-02,Paris Saint-Germain,Atletico Madrid,1,4,A,13,13,44.1,55.9,2,3,0,0,1.49,4.07,66.74,90.99,5,1,1
2023-24,Group Stage,0,2023-11-23,Tottenham,Barcelona,0,1,A,17,10,62.5,37.5,0,3,0,0,0.15,1.06,71.37,90.34,1,0,0
2023-24,Group Stage,0,2023-11-08,AC Milan,Tottenham,2,1,H,9,13,56.6,43.4,1,0,0,0,1.7,1.11,94.1,71.37,3,1,1
2023-24,Group Stage,0,2023-11-22,Juventus,Real Madrid,1,0,H,8,10,42.3,57.7,3,3,0,0,1.53,0.09,83.03,92.89,1,0,0
2023-24,Group Stage,0,2023-10-16,Bayern Munich,Manchester City,1,1,D,11,8,42.4,57.6,2,2,0,0,1.57,0.0,89.12,90.93,2,1,0
2023-24,Round of 16,1,2024-02-20,Liverpool,Atletico Madrid,0,2,A,15,9,54.8,45.2,3,2,0,0,0.34,2.48,69.68,90.99,2,0,0
2023-24,Round of 16,1,2024-04-26,Manchester City,Liverpool,3,2,H,11,4,59.9,40.1,2,2,1,1,3.5,3.07,90.93,69.68,5,1,1
2023-24,Round of 16,1,2024-03-14,Chelsea,RB Leipzig,1,1,D,15,16,45.8,54.2,1,1,0,0,1.0,0.76,69.68,73.74,2,1,0
2023-24,Round of 16,1,2024-03-04,Atletico Madrid,Benfica,5,1,H,13,7,53.9,46.1,2,2,0,0,4.59,1.49,90.99,74.13,6,1,1
2023-24,Round of 16,1,2024-03-20,Benfica,Chelsea,2,3,A,6,12,60.4,39.6,0,2,0,1,1.61,3.0,74.13,69.68,5,1,1
2023-24,Round of 16,1,2024-03-10,Sevilla,Benfica,1,2,A,5,7,51.4,48.6,0,1,0,0,0.88,1.86,80.74,74.13,3,1,1
2023-24,Round of 16,1,2024-02-03,Porto,Liverpool,2,0,H,8,8,58.4,41.6,2,1,0,1,2.87,0.48,70.45,69.68,2,0,0
2023-24,Round of 16,1,2024-02-04,RB Leipzig,Benfica,2,1,H,15,10,49.3,50.7,0,0,0,1,1.87,0.21,73.74,74.13,3,1,1
2023-24,Quarter-finals,2,2024-02-10,Liverpool,Chelsea,4,1,H,13,7,41.0,59.0,1,2,0,0,4.27,1.05,69.68,69.68,5,1,1
2023-24,Quarter-finals,2,2024-03-12,Manchester City,Liverpool,4,0,H,6,12,55.3,44.7,2,0,1,0,3.91,-0.11,90.93,69.68,4,0,1
2023-24,Quarter-finals,2,2024-03-10,Chelsea,Manchester City,1,1,D,13,11,54.7,45.3,0,1,0,1,1.51,1.09,69.68,90.93,2,1,0
2023-24,Quarter-finals,2,2024-02-27,Atletico Madrid,Liverpool,1,0,H,11,10,50.4,49.6,2,2,0,0,1.2,0.23,90.99,69.68,1,0,0
2023-24,Semi-finals,3,2024-04-04,Liverpool,Chelsea,2,0,H,9,12,55.0,45.0,3,2,0,0,1.67,-0.25,69.68,69.68,2,0,0
2023-24,Semi-finals,3,2024-02-10,Manchester City,Atletico Madrid,2,1,H,12,13,64.0,36.0,0,2,0,0,2.84,1.24,90.93,90.99,3,1,1
2023-24,Final,4,2024-04-25,Liverpool,Manchester City,1,5,A,12,8,58.2,41.8,0,1,0,0,0.89,4.8,69.68,90.93,6,1,1
2024-25,Group Stage,0,2024-09-01,Benfica,Liverpool,5,0,H,15,8,64.8,35.2,0,1,0,0,4.8,0.24,74.13,69.68,5,0,1
2024-25,Group Stage,0,2024-10-13,Inter Milan,Arsenal,0,1,A,10,12,58.3,41.7,0,2,1,0,-0.22,1.83,65.62,89.97,1,0,0
2024-25,Group Stage,0,2024-11-15,Tottenham,Manchester City,1,2,A,10,6,56.7,43.3,2,2,0,1,1.46,1.31,71.37,90.93,3,1,1
2024-25,Group Stage,0,2024-09-26,Arsenal,Benfica,1,0,H,11,4,41.1,58.9,2,1,0,0,0.78,0.61,89.97,74.13,1,0,0
2024-25,Group Stage,0,2024-10-06,Liverpool,Bayern Munich,0,1,A,17,5,52.8,47.2,0,1,0,0,-0.74,0.99,69.68,89.12,1,0,0
2024-25,Group Stage,0,2024-11-01,Paris Saint-Germain,AC Milan,0,0,D,12,6,41.5,58.5,2,1,1,0,-0.36,-0.13,66.74,94.1,0,0,0
2024-25,Group Stage,0,2024-10-19,Chelsea,Arsenal,1,1,D,6,12,55.7,44.3,2,2,0,1,0.59,0.66,69.68,89.97,2,1,0
2024-25,Group Stage,0,2024-09-09,Borussia Dortmund,Benfica,1,0,H,18,13,50.7,49.3,3,0,1,0,0.4,0.04,86.24,74.13,1,0,0
2024-25,Group Stage,0,2024-11-16,Bayern Munich,Ajax,4,0,H,11,12,54.1,45.9,1,2,0,0,3.61,0.4,89.12,70.5,4,0,1
2024-25,Group Stage,0,2024-11-07,Barcelona,Ajax,2,0,H,12,13,56.9,43.1,1,3,1,0,1.69,0.43,90.34,70.5,2,0,0
2024-25,Group Stage,0,2024-10-23,Sevilla,Borussia Dortmund,0,1,A,14,9,43.8,56.2,2,1,1,1,-0.03,1.19,80.74,86.24,1,0,0
2024-25,Group Stage,0,2024-11-25,RB Leipzig,Paris Saint-Germain,1,0,H,8,14,40.2,59.8,1,2,0,1,1.19,0.18,73.74,66.74,1,0,0
2024-25,Group Stage,0,2024-11-10,Real Madrid,RB Leipzig,1,1,D,11,11,48.5,51.5,0,3,0,0,0.88,0.82,92.89,73.74,2,1,0
2024-25,Group Stage,0,2024-10-19,AC Milan,Benfica,4,3,H,18,10,52.8,47.2,2,1,0,1,4.15,3.12,94.1,74.13,7,1,1
2024-25,Group Stage,0,2024-11-09,Manchester City,Barcelona,4,3,H,12,8,55.6,44.4,2,1,0,1,3.98,2.98,90.93,90.34,7,1,1
2024-25,Group Stage,0,2024-11-17,Ajax,Sevilla,1,2,A,9,16,60.7,39.3,3,2,1,0,1.49,2.42,70.5,80.74,3,1,1
2024-25,Round of 16,1,2025-04-15,Benfica,Liverpool,0,0,D,14,9,41.2,58.8,1,2,0,0,-0.55,0.32,74.13,69.68,0,0,0
2024-25,Round of 16,1,2025-02-23,Inter Milan,Paris Saint-Germain,2,0,H,13,10,49.2,50.8,3,1,0,0,0.91,0.38,65.62,66.74,2,0,0
2024-25,Round of 16,1,2025-02-16,Tottenham,Borussia Dortmund,1,0,H,4,5,61.7,38.3,1,0,1,0,1.5,-0.14,71.37,86.24,1,0,0
2024-25,Round of 16,1,2025-02-05,Arsenal,Inter Milan,2,1,H,14,4,64.9,35.1,0,0,1,1,1.82,0.94,89.97,65.62,3,1,1
2024-25,Round of 16,1,2025-02-10,Liverpool,Inter Milan,4,3,H,12,10,50.8,49.2,3,3,1,0,3.51,2.4,69.68,65.62,7,1,1
2024-25,Round of 16,1,2025-02-10,Paris Saint-Germain,Benfica,0,1,A,9,12,55.6,44.4,3,1,0,0,0.35,1.45,66.74,74.13,1,0,0
2024-25,Round of 16,1,2025-03-11,Chelsea,Benfica,1,2,A,11,10,64.7,35.3,3,1,0,0,1.09,2.01,69.68,74.13,3,1,1
2024-25,Round of 16,1,2025-04-07,Borussia Dortmund,Liverpool,1,0,H,13,8,48.4,51.6,3,2,0,1,0.57,-0.32,86.24,69.68,1,0,0
2024-25,Quarter-finals,2,2025-02-16,Benfica,Arsenal,0,0,D,10,6,51.0,49.0,2,3,0,0,0.11,0.68,74.13,89.97,0,0,0
2024-25,Quarter-finals,2,2025-02-01,Inter Milan,Tottenham,1,0,H,10,10,55.9,44.1,2,0,1,0,1.07,0.52,65.62,71.37,1,0,0
2024-25,Quarter-finals,2,2025-03-14,Tottenham,Arsenal,1,2,A,11,9,60.9,39.1,3,2,0,0,1.03,3.0,71.37,89.97,3,1,1
2024-25,Quarter-finals,2,2025-03-19,Arsenal,Benfica,2,1,H,12,4,59.9,40.1,3,0,1,0,2.07,0.52,89.97,74.13,3,1,1
2024-25,Semi-finals,3,2025-03-23,Benfica,Tottenham,2,0,H,14,11,42.9,57.1,0,0,0,0,2.01,0.52,74.13,71.37,2,0,0
2024-25,Semi-finals,3,2025-03-07,Inter Milan,Tottenham,2,2,D,16,2,58.6,41.4,1,3,0,0,2.76,2.27,65.62,71.37,4,1,1
2024-25,Final,4,2025-02-14,Benfica,Tottenham,3,0,H,9,6,56.1,43.9,3,3,0,1,3.44,-0.19,74.13,71.37,3,0,1
